{

    "bossbody": [

        {
            "density": 2, "friction": 0, "bounce": 0,
            "filter": { "categoryBits": 1, "maskBits": 65535 },
            "shape": [   78, 157.5  ,  79.5, 187  ,  58.5, 171  ]
        } ,
        {
            "density": 2, "friction": 0, "bounce": 0,
            "filter": { "categoryBits": 1, "maskBits": 65535 },
            "shape": [   46.5, 82  ,  57.5, 103  ,  44.5, 111  ,  31.5, 102  ]
        } ,
        {
            "density": 2, "friction": 0, "bounce": 0,
            "filter": { "categoryBits": 1, "maskBits": 65535 },
            "shape": [   129.5, 16  ,  107.5, 57  ,  -0.5, 74  ,  116, -0.5  ]
        } ,
        {
            "density": 2, "friction": 0, "bounce": 0,
            "filter": { "categoryBits": 1, "maskBits": 65535 },
            "shape": [   122, 293.5  ,  160, 95.5  ,  143, 289.5  ,  132.5, 305  ]
        } ,
        {
            "density": 2, "friction": 0, "bounce": 0,
            "filter": { "categoryBits": 1, "maskBits": 65535 },
            "shape": [   -0.5, 74  ,  27, 81.5  ,  28.5, 98  ]
        } ,
        {
            "density": 2, "friction": 0, "bounce": 0,
            "filter": { "categoryBits": 1, "maskBits": 65535 },
            "shape": [   83, 19.5  ,  -0.5, 74  ,  51, 5.5  ]
        } ,
        {
            "density": 2, "friction": 0, "bounce": 0,
            "filter": { "categoryBits": 1, "maskBits": 65535 },
            "shape": [   143, 289.5  ,  160, 95.5  ,  255.5, 311  ,  186, 311  ]
        } ,
        {
            "density": 2, "friction": 0, "bounce": 0,
            "filter": { "categoryBits": 1, "maskBits": 65535 },
            "shape": [   175, 93.5  ,  160, 95.5  ,  46.5, 82  ,  -0.5, 74  ,  107.5, 57  ]
        } ,
        {
            "density": 2, "friction": 0, "bounce": 0,
            "filter": { "categoryBits": 1, "maskBits": 65535 },
            "shape": [   79.5, 187  ,  160, 95.5  ,  122, 293.5  ,  74, 299.5  ,  53, 290.5  ,  54.5, 226  ]
        } ,
        {
            "density": 2, "friction": 0, "bounce": 0,
            "filter": { "categoryBits": 1, "maskBits": 65535 },
            "shape": [   -0.5, 74  ,  46.5, 82  ,  27, 81.5  ]
        } ,
        {
            "density": 2, "friction": 0, "bounce": 0,
            "filter": { "categoryBits": 1, "maskBits": 65535 },
            "shape": [   78, 157.5  ,  160, 95.5  ,  79.5, 187  ]
        } ,
        {
            "density": 2, "friction": 0, "bounce": 0,
            "filter": { "categoryBits": 1, "maskBits": 65535 },
            "shape": [   57.5, 103  ,  160, 95.5  ,  78, 157.5  ]
        } ,
        {
            "density": 2, "friction": 0, "bounce": 0,
            "filter": { "categoryBits": 1, "maskBits": 65535 },
            "shape": [   46.5, 82  ,  160, 95.5  ,  57.5, 103  ]
        }
    ]
}
