{"frames": {

"frame0":
{
	"frame": {"x":964,"y":1,"w":311,"h":385},
	"rotated": false,
	"trimmed": false,
	"spriteSourceSize": {"x":0,"y":0,"w":311,"h":385},
	"sourceSize": {"w":311,"h":385}
},
"frame1":
{
	"frame": {"x":645,"y":1,"w":317,"h":387},
	"rotated": false,
	"trimmed": false,
	"spriteSourceSize": {"x":0,"y":0,"w":317,"h":387},
	"sourceSize": {"w":317,"h":387}
},
"frame2":
{
	"frame": {"x":331,"y":1,"w":312,"h":389},
	"rotated": false,
	"trimmed": false,
	"spriteSourceSize": {"x":0,"y":0,"w":312,"h":389},
	"sourceSize": {"w":312,"h":389}
},
"frame3":
{
	"frame": {"x":1,"y":1,"w":328,"h":391},
	"rotated": false,
	"trimmed": false,
	"spriteSourceSize": {"x":0,"y":0,"w":328,"h":391},
	"sourceSize": {"w":328,"h":391}
}},
"meta": {
	"app": "http://www.codeandweb.com/texturepacker",
	"version": "1.0",
	"image": "catframe.png",
	"format": "RGBA8888",
	"size": {"w":1276,"h":393},
	"scale": "1",
	"smartupdate": "$TexturePacker:SmartUpdate:86baa2ab33c1f2df578ba2d4238a2795:8d98da498b83bcebbc5f6f926433835d:28df3dd59bffa64cd717e479099bbb97$"
}
}
