{"frames": {

"s1":
{
	"frame": {"x":1,"y":1,"w":23,"h":24},
	"rotated": false,
	"trimmed": false,
	"spriteSourceSize": {"x":0,"y":0,"w":23,"h":24},
	"sourceSize": {"w":23,"h":24}
},
"s2":
{
	"frame": {"x":26,"y":1,"w":30,"h":30},
	"rotated": false,
	"trimmed": false,
	"spriteSourceSize": {"x":0,"y":0,"w":30,"h":30},
	"sourceSize": {"w":30,"h":30}
},
"s3":
{
	"frame": {"x":58,"y":1,"w":31,"h":32},
	"rotated": false,
	"trimmed": false,
	"spriteSourceSize": {"x":0,"y":0,"w":31,"h":32},
	"sourceSize": {"w":31,"h":32}
},
"throwframe1":
{
	"frame": {"x":1,"y":35,"w":188,"h":230},
	"rotated": false,
	"trimmed": true,
	"spriteSourceSize": {"x":0,"y":0,"w":188,"h":230},
	"sourceSize": {"w":189,"h":230}
},
"throwframe2":
{
	"frame": {"x":1,"y":267,"w":188,"h":230},
	"rotated": false,
	"trimmed": true,
	"spriteSourceSize": {"x":0,"y":0,"w":188,"h":230},
	"sourceSize": {"w":189,"h":230}
},
"throwframe3":
{
	"frame": {"x":1,"y":499,"w":189,"h":230},
	"rotated": false,
	"trimmed": false,
	"spriteSourceSize": {"x":0,"y":0,"w":189,"h":230},
	"sourceSize": {"w":189,"h":230}
}},
"meta": {
	"app": "http://www.codeandweb.com/texturepacker",
	"version": "1.0",
	"image": "ninjaframe.png",
	"format": "RGBA8888",
	"size": {"w":191,"h":730},
	"scale": "1",
	"smartupdate": "$TexturePacker:SmartUpdate:a81c03ac55bc6f28dc3fb4023fa72cf7:8123d575840403f841608fe739ef8be7:4db81e74932084cdd60eb99674138add$"
}
}
